,obs_val,pred_val,signal
2022-01-19 00:00:00,1.09,1.4992464447021485,0
2022-01-19 00:05:00,1.09,1.5022988891601563,0
2022-01-19 00:10:00,1.09,1.5043167877197265,0
2022-01-19 00:15:00,1.09,1.5073187255859375,0
2022-01-19 00:20:00,1.09,1.5118171691894533,0
2022-01-19 00:25:00,1.09,1.5198783111572267,0
2022-01-19 00:30:00,1.09,1.530633544921875,0
2022-01-19 00:35:00,1.09,1.5393317413330079,0
2022-01-19 00:40:00,1.09,1.54764892578125,0
2022-01-19 00:45:00,1.1,1.5586087799072266,0
2022-01-19 00:50:00,1.09,1.5774763488769532,-1
2022-01-19 00:55:00,1.09,1.6000865173339844,-1
2022-01-19 01:00:00,1.09,1.6232363891601562,-1
2022-01-19 01:05:00,1.13,1.645914077758789,-1
2022-01-19 01:10:00,1.17,1.6720567321777344,-1
2022-01-19 01:15:00,1.21,1.6991009521484375,-1
2022-01-19 01:20:00,1.26,1.7237467193603515,-1
2022-01-19 01:25:00,1.3,1.753560791015625,-1
2022-01-19 01:30:00,1.35,1.780933609008789,-1
2022-01-19 01:35:00,1.39,1.807399673461914,-1
2022-01-19 01:40:00,1.43,1.8376619720458984,-1
2022-01-19 01:45:00,1.48,1.8668965148925782,-1
2022-01-19 01:50:00,1.52,1.8951219940185546,-1
2022-01-19 01:55:00,1.56,1.9273999786376954,-1
2022-01-19 02:00:00,1.61,1.960414810180664,-1
2022-01-19 02:05:00,1.65,1.9922567749023437,-1
2022-01-19 02:10:00,1.7,2.0264978790283203,-1
2022-01-19 02:15:00,1.74,2.057549362182617,-1
2022-01-19 02:20:00,1.78,2.0930895233154296,-1
2022-01-19 02:25:00,1.82,2.1250340270996095,-1
2022-01-19 02:30:00,1.87,2.1574916076660156,-1
2022-01-19 02:35:00,1.91,2.1945223236083984,-1
2022-01-19 02:40:00,1.96,2.2340794372558594,-1
2022-01-19 02:45:00,2.0,2.269884033203125,-1
2022-01-19 02:50:00,2.04,2.3059825134277343,-1
2022-01-19 02:55:00,2.09,2.348536224365234,-1
2022-01-19 03:00:00,2.13,2.3849818420410154,-1
2022-01-19 03:05:00,2.18,2.426159210205078,-1
2022-01-19 03:10:00,2.22,2.4666685485839843,-1
2022-01-19 03:15:00,2.26,2.5031275939941406,-1
2022-01-19 03:20:00,2.31,2.541812591552734,-1
2022-01-19 03:25:00,2.35,2.5840455627441403,-1
2022-01-19 03:30:00,2.39,2.6196841430664057,-1
2022-01-19 03:35:00,2.44,2.659421691894531,-1
2022-01-19 03:40:00,2.48,2.696415100097656,-1
2022-01-19 03:45:00,2.52,2.7324890136718745,-1
2022-01-19 03:50:00,2.57,2.7700746154785154,-1
2022-01-19 03:55:00,2.61,2.8006571960449214,-1
2022-01-19 04:00:00,2.65,2.8388110351562497,-1
2022-01-19 04:05:00,2.7,2.8682606506347654,-1
2022-01-19 04:10:00,2.74,2.898874359130859,-1
2022-01-19 04:15:00,2.78,2.9341569519042965,-1
2022-01-19 04:20:00,2.83,2.963280639648437,-1
2022-01-19 04:25:00,2.87,2.9916520690917965,-1
2022-01-19 04:30:00,2.91,3.0189062499999997,-1
2022-01-19 04:35:00,2.95,3.0469447326660153,-1
2022-01-19 04:40:00,2.99,3.0743933105468746,-1
2022-01-19 04:45:00,3.04,3.1007797241210935,-1
2022-01-19 04:50:00,3.08,3.123284759521484,-1
2022-01-19 04:55:00,3.12,3.1480470275878902,-1
2022-01-19 05:00:00,3.16,3.1716545104980463,-1
2022-01-19 05:05:00,3.21,3.1919718933105465,-1
2022-01-19 05:10:00,3.25,3.2129179382324216,-1
2022-01-19 05:15:00,3.29,3.2318481445312495,-1
2022-01-19 05:20:00,3.33,3.24559341430664,0
2022-01-19 05:25:00,3.37,3.260970306396484,0
2022-01-19 05:30:00,3.42,3.274868774414062,0
2022-01-19 05:35:00,3.46,3.283360290527343,0
2022-01-19 05:40:00,3.5,3.290703735351562,0
2022-01-19 05:45:00,3.53,3.295392150878906,0
2022-01-19 05:50:00,3.53,3.2979483032226558,0
2022-01-19 05:55:00,3.53,3.2995521545410154,0
2022-01-19 06:00:00,3.53,3.300576782226562,0
2022-01-19 06:05:00,3.53,3.3015715026855466,0
2022-01-19 06:10:00,3.53,3.3025459289550776,0
2022-01-19 06:15:00,3.53,3.303515472412109,0
2022-01-19 06:20:00,3.53,3.3043762207031246,0
2022-01-19 06:25:00,3.53,3.3051266479492183,0
2022-01-19 06:30:00,3.53,3.3057948303222653,0
2022-01-19 06:35:00,3.53,3.3063888549804683,0
2022-01-19 06:40:00,3.53,3.306888732910156,0
2022-01-19 06:45:00,3.53,3.307278442382812,0
2022-01-19 06:50:00,3.53,3.307580108642578,0
2022-01-19 06:55:00,3.53,3.307835083007812,0
2022-01-19 07:00:00,3.53,3.3080595397949213,0
2022-01-19 07:05:00,3.53,3.3082554626464837,0
2022-01-19 07:10:00,3.53,3.3084321594238277,0
2022-01-19 07:15:00,3.53,3.3086044311523435,0
2022-01-19 07:20:00,3.53,3.3087442016601556,0
2022-01-19 07:25:00,3.53,3.308858795166015,0
2022-01-19 07:30:00,3.53,3.308953247070312,0
2022-01-19 07:35:00,3.53,3.307299346923828,0
2022-01-19 07:40:00,3.53,3.3042724609374994,0
2022-01-19 07:45:00,3.53,3.3011839294433587,0
2022-01-19 07:50:00,3.51,3.2980073547363276,0
2022-01-19 07:55:00,3.48,3.293741302490234,0
2022-01-19 08:00:00,3.45,3.287235260009765,0
2022-01-19 08:05:00,3.42,3.2794503784179683,0
2022-01-19 08:10:00,3.39,3.2715014648437495,0
2022-01-19 08:15:00,3.36,3.2622624206542965,0
2022-01-19 08:20:00,3.33,3.2516365051269527,0
2022-01-19 08:25:00,3.3,3.242001037597656,0
2022-01-19 08:30:00,3.27,3.2321810913085933,0
2022-01-19 08:35:00,3.24,3.2220492553710933,0
2022-01-19 08:40:00,3.21,3.211854553222656,0
2022-01-19 08:45:00,3.18,3.2014656066894527,0
2022-01-19 08:50:00,3.15,3.193529968261718,0
2022-01-19 08:55:00,3.12,3.1828036499023433,0
2022-01-19 09:00:00,3.09,3.1705725097656248,0
2022-01-19 09:05:00,3.06,3.1579981994628903,0
2022-01-19 09:10:00,3.03,3.1439216613769525,0
2022-01-19 09:15:00,3.0,3.1311672973632807,0
2022-01-19 09:20:00,2.97,3.112284240722656,1
2022-01-19 09:25:00,2.94,3.091468658447265,1
2022-01-19 09:30:00,2.91,3.070143890380859,1
2022-01-19 09:35:00,2.88,3.049650268554687,1
2022-01-19 09:40:00,2.85,3.0304016113281245,1
2022-01-19 09:45:00,2.82,3.0142224121093744,1
2022-01-19 09:50:00,2.8,2.9992985534667964,1
2022-01-19 09:55:00,2.77,2.9839372253417964,1
2022-01-19 10:00:00,2.77,2.973434600830078,1
2022-01-19 10:05:00,2.77,2.9611335754394528,1
2022-01-19 10:10:00,2.77,2.9466523742675776,1
2022-01-19 10:15:00,2.77,2.9338998413085933,1
2022-01-19 10:20:00,2.77,2.9249824523925776,1
2022-01-19 10:25:00,2.77,2.915925140380859,1
2022-01-19 10:30:00,2.77,2.9102697753906246,1
2022-01-19 10:35:00,2.77,2.9046047973632807,1
2022-01-19 10:40:00,2.77,2.8988764953613275,1
2022-01-19 10:45:00,2.77,2.893060150146484,1
2022-01-19 10:50:00,2.77,2.887211761474609,1
2022-01-19 10:55:00,2.77,2.8813305664062496,1
2022-01-19 11:00:00,2.77,2.8773921203613275,1
2022-01-19 11:05:00,2.77,2.8754093933105467,0
2022-01-19 11:10:00,2.77,2.8754061889648432,0
2022-01-19 11:15:00,2.77,2.875400695800781,0
2022-01-19 11:20:00,2.77,2.8753999328613276,0
2022-01-19 11:25:00,2.77,2.8754003906249994,0
2022-01-19 11:30:00,2.77,2.8753997802734372,0
2022-01-19 11:35:00,2.77,2.8753997802734372,0
2022-01-19 11:40:00,2.77,2.87539810180664,0
2022-01-19 11:45:00,2.77,2.8753974914550775,0
2022-01-19 11:50:00,2.77,2.875395202636718,0
2022-01-19 11:55:00,2.77,2.8753947448730464,0
2022-01-19 12:00:00,2.77,2.875395355224609,0
2022-01-19 12:05:00,2.77,2.875395050048828,0
2022-01-19 12:10:00,2.77,2.8753955078124998,0
2022-01-19 12:15:00,2.77,2.875395050048828,0
2022-01-19 12:20:00,2.77,2.87743423461914,0
2022-01-19 12:25:00,2.77,2.8774333190917964,0
2022-01-19 12:30:00,2.77,2.877432708740234,0
2022-01-19 12:35:00,2.77,2.877433471679687,0
2022-01-19 12:40:00,2.77,2.8774331665039057,0
2022-01-19 12:45:00,2.77,2.8774324035644527,0
2022-01-19 12:50:00,2.77,2.8774328613281246,0
2022-01-19 12:55:00,2.77,2.877432250976562,0
2022-01-19 13:00:00,2.77,2.877431488037109,0
2022-01-19 13:05:00,2.77,2.8774308776855464,0
2022-01-19 13:10:00,2.77,2.8774841308593744,0
2022-01-19 13:15:00,2.77,2.8775570678710936,0
2022-01-19 13:20:00,2.77,2.8776130676269527,0
2022-01-19 13:25:00,2.77,2.87761978149414,0
2022-01-19 13:30:00,2.77,2.8776681518554685,0
2022-01-19 13:35:00,2.77,2.8776908874511715,0
2022-01-19 13:40:00,2.77,2.8043957519531246,0
2022-01-19 13:45:00,2.77,2.8044079589843744,0
2022-01-19 13:50:00,2.77,2.8044548034667964,0
2022-01-19 13:55:00,2.77,2.804356231689453,0
2022-01-19 14:00:00,2.77,2.804308776855468,0
2022-01-19 14:05:00,2.77,2.8043441772460933,0
2022-01-19 14:10:00,2.77,2.804442443847656,0
2022-01-19 14:15:00,2.77,2.8044546508789057,0
2022-01-19 14:20:00,2.77,2.8044233703613277,0
2022-01-19 14:25:00,2.77,2.804394378662109,0
2022-01-19 14:30:00,2.77,2.795784301757812,0
2022-01-19 14:35:00,2.77,2.789267425537109,0
2022-01-19 14:40:00,2.77,2.7807063293457026,0
2022-01-19 14:45:00,2.77,2.772117309570312,0
2022-01-19 14:50:00,2.77,2.765652160644531,0
2022-01-19 14:55:00,2.78,2.7570068359374997,0
2022-01-19 15:00:00,2.78,2.7484742736816403,0
2022-01-19 15:05:00,2.77,2.74211685180664,0
2022-01-19 15:10:00,2.78,2.7336030578613277,0
2022-01-19 15:15:00,2.78,2.7271879577636713,0
2022-01-19 15:20:00,2.78,2.718665161132812,0
2022-01-19 15:25:00,2.78,2.7101661682128904,0
2022-01-19 15:30:00,2.78,2.705929107666015,0
2022-01-19 15:35:00,2.78,2.7059208679199216,0
2022-01-19 15:40:00,2.78,2.708073272705078,0
2022-01-19 15:45:00,2.78,2.708066253662109,0
2022-01-19 15:50:00,2.78,2.708065032958984,0
2022-01-19 15:55:00,2.78,2.7080651855468747,0
2022-01-19 16:00:00,2.78,2.708064575195312,0
2022-01-19 16:05:00,2.78,2.708065338134765,0
2022-01-19 16:10:00,2.78,2.7080656433105466,0
2022-01-19 16:15:00,2.78,2.70806411743164,0
2022-01-19 16:20:00,2.78,2.708062133789062,0
2022-01-19 16:25:00,2.78,2.7080632019042965,0
2022-01-19 16:30:00,2.78,2.708064727783203,0
2022-01-19 16:35:00,2.78,2.708064727783203,0
2022-01-19 16:40:00,2.78,2.708064727783203,0
2022-01-19 16:45:00,2.78,2.708066711425781,0
2022-01-19 16:50:00,2.78,2.7080665588378903,0
2022-01-19 16:55:00,2.78,2.708067016601562,0
2022-01-19 17:00:00,2.78,2.708067932128906,0
2022-01-19 17:05:00,2.78,2.7079081726074214,0
2022-01-19 17:10:00,2.78,2.707362213134765,0
2022-01-19 17:15:00,2.78,2.7084632873535153,0
2022-01-19 17:20:00,2.78,2.707462463378906,0
2022-01-19 17:25:00,2.78,2.7063436889648433,0
2022-01-19 17:30:00,2.78,2.700359954833984,0
2022-01-19 17:35:00,2.78,2.6962832641601557,0
2022-01-19 17:40:00,2.78,2.692139892578125,0
2022-01-19 17:45:00,2.78,2.6858105468749995,0
2022-01-19 17:50:00,2.78,2.6816658020019526,0
2022-01-19 17:55:00,2.78,2.677490844726562,1
2022-01-19 18:00:00,2.78,2.6711006164550777,1
2022-01-19 18:05:00,2.78,2.6670300292968747,1
2022-01-19 18:10:00,2.78,2.660672454833984,1
2022-01-19 18:15:00,2.78,2.6565417480468745,1
2022-01-19 18:20:00,2.78,2.650178833007812,1
2022-01-19 18:25:00,2.78,2.6461096191406246,1
2022-01-19 18:30:00,2.78,2.6420314025878904,1
2022-01-19 18:35:00,2.78,2.6301779174804683,1
2022-01-19 18:40:00,2.78,2.620541839599609,1
2022-01-19 18:45:00,2.78,2.608638763427734,1
2022-01-19 18:50:00,2.78,2.598954925537109,1
2022-01-19 18:55:00,2.78,2.583142395019531,1
2022-01-19 19:00:00,2.78,2.568947601318359,1
2022-01-19 19:05:00,2.77,2.550626525878906,1
2022-01-19 19:10:00,2.74,2.536698455810547,1
2022-01-19 19:15:00,2.71,2.520705413818359,1
2022-01-19 19:20:00,2.68,2.5024652099609375,1
2022-01-19 19:25:00,2.65,2.482291870117187,1
2022-01-19 19:30:00,2.62,2.4662831115722654,1
2022-01-19 19:35:00,2.59,2.439521026611328,1
2022-01-19 19:40:00,2.56,2.4129132080078124,1
2022-01-19 19:45:00,2.53,2.3861598205566406,1
2022-01-19 19:50:00,2.5,2.3594905090332032,1
2022-01-19 19:55:00,2.47,2.335063018798828,1
2022-01-19 20:00:00,2.44,2.3085954284667967,1
2022-01-19 20:05:00,2.41,2.2842054748535157,1
2022-01-19 20:10:00,2.38,2.256034698486328,1
2022-01-19 20:15:00,2.35,2.230171661376953,1
2022-01-19 20:20:00,2.32,2.204437561035156,1
2022-01-19 20:25:00,2.29,2.1789517211914062,1
2022-01-19 20:30:00,2.26,2.1497756958007814,1
2022-01-19 20:35:00,2.23,2.1265719604492186,1
2022-01-19 20:40:00,2.19,2.1018635559082033,1
2022-01-19 20:45:00,2.17,2.077652587890625,1
2022-01-19 20:50:00,2.14,2.0499586486816406,1
2022-01-19 20:55:00,2.11,2.024344940185547,1
2022-01-19 21:00:00,2.07,1.9993207550048828,1
2022-01-19 21:05:00,2.04,1.9728922271728515,1
2022-01-19 21:10:00,2.01,1.9470364379882812,1
2022-01-19 21:15:00,1.98,1.9233084869384767,1
2022-01-19 21:20:00,1.95,1.899998779296875,1
2022-01-19 21:25:00,1.92,1.8770361328125,1
2022-01-19 21:30:00,1.89,1.852951431274414,1
2022-01-19 21:35:00,1.86,1.8308221435546874,1
2022-01-19 21:40:00,1.83,1.8087331390380859,1
2022-01-19 21:45:00,1.8,1.7873455047607423,0
2022-01-19 21:50:00,1.77,1.7649596405029297,0
2022-01-19 21:55:00,1.74,1.744289093017578,0
2022-01-19 22:00:00,1.71,1.7250078582763673,0
2022-01-19 22:05:00,1.68,1.7066722869873048,0
2022-01-19 22:10:00,1.65,1.6870919036865235,0
2022-01-19 22:15:00,1.62,1.6688986968994142,0
2022-01-19 22:20:00,1.59,1.6493476104736329,0
2022-01-19 22:25:00,1.56,1.6317081451416016,0
2022-01-19 22:30:00,1.53,1.6146961212158204,0
2022-01-19 22:35:00,1.5,1.5999665832519532,0
2022-01-19 22:40:00,1.47,1.587192611694336,0
2022-01-19 22:45:00,1.45,1.5747406005859375,0
2022-01-19 22:50:00,1.42,1.5640701293945314,0
2022-01-19 22:55:00,1.39,1.5535454559326172,0
2022-01-19 23:00:00,1.36,1.543148956298828,0
2022-01-19 23:05:00,1.32,1.531381607055664,0
2022-01-19 23:10:00,1.29,1.5212105560302736,0
2022-01-19 23:15:00,1.26,1.5110672760009767,0
2022-01-19 23:20:00,1.22,1.5057492065429687,0
2022-01-19 23:25:00,1.19,1.4990973663330078,0
2022-01-19 23:30:00,1.15,1.4949691009521484,0
2022-01-19 23:35:00,1.12,1.4936378479003907,0
2022-01-19 23:40:00,1.1,1.494712142944336,0
2022-01-19 23:45:00,1.11,1.496905059814453,0
2022-01-19 23:50:00,1.11,1.498940887451172,0
2022-01-19 23:55:00,1.11,1.5011150360107424,0
2022-01-20 00:00:00,1.11,1.5032159423828126,0
2022-01-20 00:05:00,1.11,1.5063965606689453,0
2022-01-20 00:10:00,1.11,1.5085300445556642,0
2022-01-20 00:15:00,1.11,1.5117555236816407,0
2022-01-20 00:20:00,1.11,1.518244857788086,0
2022-01-20 00:25:00,1.11,1.5270328521728516,0
2022-01-20 00:30:00,1.11,1.537872314453125,0
2022-01-20 00:35:00,1.11,1.5469698333740236,0
2022-01-20 00:40:00,1.11,1.5552105712890625,0
2022-01-20 00:45:00,1.11,1.5657857513427735,0
2022-01-20 00:50:00,1.11,1.5811994934082032,-1
2022-01-20 00:55:00,1.11,1.6003115844726563,-1
2022-01-20 01:00:00,1.11,1.6215733337402345,-1
2022-01-20 01:05:00,1.13,1.6428530883789063,-1
2022-01-20 01:10:00,1.17,1.6669122314453126,-1
2022-01-20 01:15:00,1.21,1.6917876434326173,-1
2022-01-20 01:20:00,1.25,1.715279541015625,-1
2022-01-20 01:25:00,1.28,1.7422654724121094,-1
2022-01-20 01:30:00,1.32,1.7695494842529298,-1
2022-01-20 01:35:00,1.36,1.7947454071044922,-1
2022-01-20 01:40:00,1.4,1.8220149230957032,-1
2022-01-20 01:45:00,1.44,1.851377944946289,-1
2022-01-20 01:50:00,1.48,1.8783436584472657,-1
2022-01-20 01:55:00,1.51,1.9108689880371095,-1
2022-01-20 02:00:00,1.55,1.9408138275146485,-1
2022-01-20 02:05:00,1.59,1.971442642211914,-1
2022-01-20 02:10:00,1.63,2.0027083587646484,-1
2022-01-20 02:15:00,1.67,2.034423522949219,-1
2022-01-20 02:20:00,1.71,2.068893814086914,-1
2022-01-20 02:25:00,1.74,2.099908676147461,-1
2022-01-20 02:30:00,1.78,2.13154296875,-1
2022-01-20 02:35:00,1.82,2.1677175903320314,-1
2022-01-20 02:40:00,1.86,2.2065101623535157,-1
2022-01-20 02:45:00,1.9,2.2416689300537107,-1
2022-01-20 02:50:00,1.94,2.2792543029785155,-1
2022-01-20 02:55:00,1.97,2.3192263793945314,-1
2022-01-20 03:00:00,2.01,2.3553892517089845,-1
2022-01-20 03:05:00,2.05,2.3982807922363283,-1
2022-01-20 03:10:00,2.09,2.4364898681640623,-1
2022-01-20 03:15:00,2.14,2.4729965209960936,-1
2022-01-20 03:20:00,2.18,2.513941192626953,-1
2022-01-20 03:25:00,2.22,2.5542507934570313,-1
2022-01-20 03:30:00,2.26,2.5900631713867184,-1
2022-01-20 03:35:00,2.3,2.6321388244628903,-1
2022-01-20 03:40:00,2.34,2.6694950866699214,-1
2022-01-20 03:45:00,2.38,2.704272003173828,-1
2022-01-20 03:50:00,2.42,2.7445118713378904,-1
2022-01-20 03:55:00,2.46,2.77423843383789,-1
2022-01-20 04:00:00,2.5,2.812628936767578,-1
2022-01-20 04:05:00,2.54,2.84500259399414,-1
2022-01-20 04:10:00,2.58,2.8763954162597654,-1
2022-01-20 04:15:00,2.62,2.9107582092285154,-1
2022-01-20 04:20:00,2.66,2.9405419921875,-1
2022-01-20 04:25:00,2.7,2.9696546936035153,-1
2022-01-20 04:30:00,2.74,2.9995869445800776,-1
2022-01-20 04:35:00,2.78,3.026829528808593,-1
2022-01-20 04:40:00,2.82,3.0547242736816402,-1
2022-01-20 04:45:00,2.86,3.0818870544433588,-1
2022-01-20 04:50:00,2.9,3.1066601562499994,-1
2022-01-20 04:55:00,2.94,3.132040863037109,-1
2022-01-20 05:00:00,2.98,3.1549601745605464,-1
2022-01-20 05:05:00,3.02,3.177203979492187,-1
2022-01-20 05:10:00,3.06,3.198773040771484,-1
2022-01-20 05:15:00,3.1,3.2207121276855464,-1
2022-01-20 05:20:00,3.14,3.2395138549804683,-1
2022-01-20 05:25:00,3.18,3.259752960205078,-1
2022-01-20 05:30:00,3.22,3.277176208496093,-1
2022-01-20 05:35:00,3.26,3.286372985839843,0
2022-01-20 05:40:00,3.29,3.2944396972656245,0
2022-01-20 05:45:00,3.33,3.299010620117187,0
2022-01-20 05:50:00,3.37,3.3015715026855466,0
2022-01-20 05:55:00,3.41,3.302523040771484,0
2022-01-20 06:00:00,3.45,3.303315887451171,0
2022-01-20 06:05:00,3.45,3.3040223693847652,0
2022-01-20 06:10:00,3.45,3.304646606445312,0
2022-01-20 06:15:00,3.45,3.3051504516601558,0
2022-01-20 06:20:00,3.45,3.3055480957031245,0
2022-01-20 06:25:00,3.45,3.305454711914062,0
2022-01-20 06:30:00,3.45,3.305316009521484,0
2022-01-20 06:35:00,3.45,3.305199584960937,0
2022-01-20 06:40:00,3.45,3.305083312988281,0
2022-01-20 06:45:00,3.45,3.3049761962890623,0
2022-01-20 06:50:00,3.45,3.304906158447265,0
2022-01-20 06:55:00,3.45,3.304852905273437,0
2022-01-20 07:00:00,3.45,3.3048263549804684,0
2022-01-20 07:05:00,3.45,3.304801635742187,0
2022-01-20 07:10:00,3.45,3.3047798156738275,0
2022-01-20 07:15:00,3.45,3.3047615051269528,0
2022-01-20 07:20:00,3.45,3.3047468566894524,0
2022-01-20 07:25:00,3.45,3.3047373962402338,0
2022-01-20 07:30:00,3.45,3.3047351074218745,0
2022-01-20 07:35:00,3.45,3.3027494812011713,0
2022-01-20 07:40:00,3.45,3.2997908020019526,0
2022-01-20 07:45:00,3.45,3.296808929443359,0
2022-01-20 07:50:00,3.45,3.29376724243164,0
2022-01-20 07:55:00,3.45,3.2875285339355464,0
2022-01-20 08:00:00,3.44,3.277973022460937,0
2022-01-20 08:05:00,3.42,3.2692459106445306,0
2022-01-20 08:10:00,3.4,3.261292114257812,0
2022-01-20 08:15:00,3.38,3.2519729614257806,0
2022-01-20 08:20:00,3.35,3.2411283874511714,0
2022-01-20 08:25:00,3.33,3.231213226318359,0
2022-01-20 08:30:00,3.31,3.2210185241699216,0
2022-01-20 08:35:00,3.29,3.211756439208984,0
2022-01-20 08:40:00,3.27,3.200999145507812,0
2022-01-20 08:45:00,3.25,3.189954528808593,0
2022-01-20 08:50:00,3.23,3.179968872070312,0
2022-01-20 08:55:00,3.21,3.1683915710449213,0
2022-01-20 09:00:00,3.19,3.1565304565429684,0
2022-01-20 09:05:00,3.17,3.1428115844726556,0
2022-01-20 09:10:00,3.14,3.1276623535156247,1
2022-01-20 09:15:00,3.12,3.1139253234863276,1
2022-01-20 09:20:00,3.1,3.093544311523437,1
2022-01-20 09:25:00,3.08,3.071414642333984,1
2022-01-20 09:30:00,3.06,3.048704528808593,1
2022-01-20 09:35:00,3.04,3.026876068115234,1
2022-01-20 09:40:00,3.02,3.006287231445312,1
2022-01-20 09:45:00,3.0,2.9892782592773433,1
2022-01-20 09:50:00,2.98,2.97198989868164,1
2022-01-20 09:55:00,2.96,2.9531005859374995,1
2022-01-20 10:00:00,2.94,2.9369618225097653,1
2022-01-20 10:05:00,2.94,2.9249794006347654,1
2022-01-20 10:10:00,2.94,2.9106877136230467,1
2022-01-20 10:15:00,2.94,2.8983348083496088,1
2022-01-20 10:20:00,2.94,2.8897207641601557,1
2022-01-20 10:25:00,2.94,2.880977478027343,1
2022-01-20 10:30:00,2.94,2.875610961914062,1
2022-01-20 10:35:00,2.94,2.8702580261230466,1
2022-01-20 10:40:00,2.94,2.8648213195800776,1
2022-01-20 10:45:00,2.94,2.859264984130859,1
2022-01-20 10:50:00,2.94,2.853786163330078,1
2022-01-20 10:55:00,2.94,2.848267669677734,1
2022-01-20 11:00:00,2.94,2.8445741271972653,1
2022-01-20 11:05:00,2.94,2.842726898193359,0
2022-01-20 11:10:00,2.94,2.842772521972656,0
2022-01-20 11:15:00,2.94,2.8427726745605466,0
2022-01-20 11:20:00,2.94,2.8427755737304685,0
2022-01-20 11:25:00,2.94,2.84276870727539,0
2022-01-20 11:30:00,2.94,2.8427754211425778,0
2022-01-20 11:35:00,2.94,2.842766723632812,0
2022-01-20 11:40:00,2.94,2.8427685546874994,0
2022-01-20 11:45:00,2.94,2.8427616882324216,0
2022-01-20 11:50:00,2.94,2.84276382446289,0
2022-01-20 11:55:00,2.94,2.8427648925781246,0
2022-01-20 12:00:00,2.94,2.8427624511718745,0
2022-01-20 12:05:00,2.94,2.842763061523437,0
2022-01-20 12:10:00,2.94,2.8427622985839838,0
2022-01-20 12:15:00,2.94,2.8427600097656245,0
2022-01-20 12:20:00,2.94,2.8449232482910154,0
2022-01-20 12:25:00,2.94,2.844924163818359,0
2022-01-20 12:30:00,2.94,2.8449226379394528,0
2022-01-20 12:35:00,2.94,2.844921722412109,0
2022-01-20 12:40:00,2.94,2.844922180175781,0
2022-01-20 12:45:00,2.94,2.8449215698242183,0
2022-01-20 12:50:00,2.94,2.844920043945312,0
2022-01-20 12:55:00,2.94,2.844919281005859,0
2022-01-20 13:00:00,2.94,2.844919281005859,0
2022-01-20 13:05:00,2.94,2.8449179077148434,0
2022-01-20 13:10:00,2.94,2.844916839599609,0
2022-01-20 13:15:00,2.94,2.844916687011718,0
2022-01-20 13:20:00,2.94,2.8449162292480463,0
2022-01-20 13:25:00,2.94,2.8449151611328123,0
2022-01-20 13:30:00,2.94,2.8449147033691404,0
2022-01-20 13:35:00,2.94,2.8449147033691404,0
2022-01-20 13:40:00,2.94,2.775714416503906,0
2022-01-20 13:45:00,2.94,2.775713806152343,0
2022-01-20 13:50:00,2.94,2.775713195800781,0
2022-01-20 13:55:00,2.94,2.7757130432128903,0
2022-01-20 14:00:00,2.94,2.77571060180664,0
2022-01-20 14:05:00,2.94,2.775710296630859,0
2022-01-20 14:10:00,2.94,2.7757650756835934,0
2022-01-20 14:15:00,2.94,2.7756950378417966,0
2022-01-20 14:20:00,2.94,2.7757511901855465,0
2022-01-20 14:25:00,2.94,2.7757572937011714,0
2022-01-20 14:30:00,2.94,2.76679458618164,0
2022-01-20 14:35:00,2.94,2.760111236572265,0
2022-01-20 14:40:00,2.94,2.7533428955078123,0
2022-01-20 14:45:00,2.94,2.744304046630859,0
2022-01-20 14:50:00,2.94,2.737450103759765,0
2022-01-20 14:55:00,2.94,2.7283749389648433,0
2022-01-20 15:00:00,2.94,2.71937271118164,0
2022-01-20 15:05:00,2.94,2.712554016113281,0
2022-01-20 15:10:00,2.94,2.703420715332031,0
2022-01-20 15:15:00,2.94,2.6966133117675777,0
2022-01-20 15:20:00,2.94,2.6875534057617183,0
2022-01-20 15:25:00,2.94,2.6784494018554685,0
2022-01-20 15:30:00,2.94,2.673887786865234,0
2022-01-20 15:35:00,2.94,2.6738867187499995,0
2022-01-20 15:40:00,2.94,2.675898284912109,0
2022-01-20 15:45:00,2.94,2.675890808105468,0
2022-01-20 15:50:00,2.94,2.675890960693359,0
2022-01-20 15:55:00,2.94,2.6758854675292967,0
2022-01-20 16:00:00,2.94,2.6758865356445307,0
2022-01-20 16:05:00,2.94,2.6758863830566404,0
2022-01-20 16:10:00,2.94,2.6758865356445307,0
2022-01-20 16:15:00,2.94,2.6758868408203123,0
2022-01-20 16:20:00,2.94,2.6758859252929685,0
2022-01-20 16:25:00,2.94,2.6758868408203123,0
2022-01-20 16:30:00,2.94,2.6758854675292967,0
2022-01-20 16:35:00,2.94,2.6758857727050778,0
2022-01-20 16:40:00,2.94,2.6758863830566404,0
2022-01-20 16:45:00,2.94,2.675887756347656,0
2022-01-20 16:50:00,2.94,2.675888061523437,0
2022-01-20 16:55:00,2.94,2.675888519287109,0
2022-01-20 17:00:00,2.94,2.6758895874023434,0
2022-01-20 17:05:00,2.94,2.6758900451660153,0
2022-01-20 17:10:00,2.94,2.6758894348144526,0
2022-01-20 17:15:00,2.94,2.677729339599609,0
2022-01-20 17:20:00,2.94,2.677730255126953,0
2022-01-20 17:25:00,2.94,2.677730255126953,0
2022-01-20 17:30:00,2.94,2.6733981323242184,0
2022-01-20 17:35:00,2.94,2.6712304687499997,0
2022-01-20 17:40:00,2.94,2.669060821533203,0
2022-01-20 17:45:00,2.94,2.664715728759765,0
2022-01-20 17:50:00,2.94,2.6625428771972652,0
2022-01-20 17:55:00,2.94,2.6603675842285153,1
2022-01-20 18:00:00,2.94,2.655902709960937,1
2022-01-20 18:05:00,2.94,2.6533032226562496,1
2022-01-20 18:10:00,2.94,2.648180847167968,1
2022-01-20 18:15:00,2.94,2.645053558349609,1
2022-01-20 18:20:00,2.94,2.6396147155761716,1
2022-01-20 18:25:00,2.94,2.6360498046874996,1
2022-01-20 18:30:00,2.94,2.6320895385742182,1
2022-01-20 18:35:00,2.94,2.6257695007324213,1
2022-01-20 18:40:00,2.94,2.621667022705078,1
2022-01-20 18:45:00,2.94,2.6154202270507807,1
2022-01-20 18:50:00,2.94,2.6113085937499996,1
2022-01-20 18:55:00,2.94,2.6026052856445308,1
2022-01-20 19:00:00,2.94,2.591673889160156,1
2022-01-20 19:05:00,2.95,2.5786218261718745,1
2022-01-20 19:10:00,2.91,2.567894287109375,1
2022-01-20 19:15:00,2.87,2.550624084472656,1
2022-01-20 19:20:00,2.84,2.5312544250488282,1
2022-01-20 19:25:00,2.8,2.5107313537597657,1
2022-01-20 19:30:00,2.76,2.494057159423828,1
2022-01-20 19:35:00,2.73,2.467668304443359,1
2022-01-20 19:40:00,2.69,2.4412950134277343,1
2022-01-20 19:45:00,2.65,2.4147735595703126,1
2022-01-20 19:50:00,2.62,2.3884698486328126,1
2022-01-20 19:55:00,2.58,2.364346160888672,1
2022-01-20 20:00:00,2.55,2.3382582092285156,1
2022-01-20 20:05:00,2.51,2.312364044189453,1
2022-01-20 20:10:00,2.48,2.2846214294433596,1
2022-01-20 20:15:00,2.48,2.2591902160644532,1
2022-01-20 20:20:00,2.48,2.233934326171875,1
2022-01-20 20:25:00,2.48,2.2090861511230466,1
2022-01-20 20:30:00,2.48,2.180514373779297,1
2022-01-20 20:35:00,2.48,2.1580358123779297,1
2022-01-20 20:40:00,2.48,2.1340341186523437,1
2022-01-20 20:45:00,2.48,2.1088629150390625,1
2022-01-20 20:50:00,2.48,2.0834272003173826,1
2022-01-20 20:55:00,2.48,2.0584741973876954,1
2022-01-20 21:00:00,2.48,2.0341957092285154,1
2022-01-20 21:05:00,2.48,2.0071640014648438,1
2022-01-20 21:10:00,2.48,1.9820395660400392,1
2022-01-20 21:15:00,2.48,1.958912124633789,1
2022-01-20 21:20:00,2.48,1.9362828063964843,1
2022-01-20 21:25:00,2.48,1.9141262817382814,1
2022-01-20 21:30:00,2.48,1.89080078125,1
2022-01-20 21:35:00,2.48,1.8693692779541016,1
2022-01-20 21:40:00,2.48,1.8479988861083985,1
2022-01-20 21:45:00,2.48,1.8273274993896484,1
2022-01-20 21:50:00,2.48,1.8056248474121095,1
2022-01-20 21:55:00,2.48,1.7857218170166016,0
2022-01-20 22:00:00,2.48,1.7673223114013672,0
2022-01-20 22:05:00,2.48,1.7480911254882814,0
2022-01-20 22:10:00,2.48,1.7292007446289064,0
2022-01-20 22:15:00,2.48,1.7117749786376955,0
2022-01-20 22:20:00,2.48,1.6923872375488282,0
2022-01-20 22:25:00,2.48,1.674533920288086,0
2022-01-20 22:30:00,2.48,1.6569395446777344,0
2022-01-20 22:35:00,2.48,1.6418001556396484,0
2022-01-20 22:40:00,2.48,1.6285169982910157,0
2022-01-20 22:45:00,2.48,1.6155632781982423,0
2022-01-20 22:50:00,2.48,1.6037136840820314,0
2022-01-20 22:55:00,2.48,1.593228225708008,0
2022-01-20 23:00:00,2.48,1.582939682006836,0
2022-01-20 23:05:00,2.48,1.5731434631347656,0
2022-01-20 23:10:00,2.48,1.5631597900390626,0
2022-01-20 23:15:00,2.48,1.5559391021728517,0
2022-01-20 23:20:00,2.48,1.5527597808837892,0
2022-01-20 23:25:00,2.48,1.5489548492431642,0
2022-01-20 23:30:00,2.48,1.5470878601074218,0
2022-01-20 23:35:00,2.48,1.5446006011962892,0
2022-01-20 23:40:00,2.48,1.5439925384521485,0
2022-01-20 23:45:00,2.48,1.5459681701660157,0
2022-01-20 23:50:00,2.48,1.5482911682128906,0
2022-01-20 23:55:00,2.48,1.5508484649658203,0
